[{"confirmed":555,"deaths":17,"recovered":28,"date":"2020-01-22"},{"confirmed":653,"deaths":18,"recovered":30,"date":"2020-01-23"},{"confirmed":941,"deaths":26,"recovered":36,"date":"2020-01-24"},{"confirmed":1438,"deaths":42,"recovered":39,"date":"2020-01-25"},{"confirmed":2118,"deaths":56,"recovered":52,"date":"2020-01-26"},{"confirmed":2927,"deaths":82,"recovered":61,"date":"2020-01-27"},{"confirmed":5578,"deaths":131,"recovered":107,"date":"2020-01-28"},{"confirmed":6165,"deaths":133,"recovered":126,"date":"2020-01-29"},{"confirmed":8235,"deaths":171,"recovered":143,"date":"2020-01-30"},{"confirmed":9925,"deaths":213,"recovered":222,"date":"2020-01-31"},{"confirmed":12038,"deaths":259,"recovered":284,"date":"2020-02-01"},{"confirmed":16787,"deaths":362,"recovered":472,"date":"2020-02-02"},{"confirmed":19881,"deaths":426,"recovered":623,"date":"2020-02-03"},{"confirmed":23892,"deaths":492,"recovered":852,"date":"2020-02-04"},{"confirmed":27636,"deaths":564,"recovered":1124,"date":"2020-02-05"},{"confirmed":30818,"deaths":634,"recovered":1487,"date":"2020-02-06"},{"confirmed":34392,"deaths":719,"recovered":2011,"date":"2020-02-07"},{"confirmed":37121,"deaths":806,"recovered":2616,"date":"2020-02-08"},{"confirmed":40151,"deaths":906,"recovered":3244,"date":"2020-02-09"},{"confirmed":42763,"deaths":1013,"recovered":3946,"date":"2020-02-10"},{"confirmed":44803,"deaths":1113,"recovered":4683,"date":"2020-02-11"},{"confirmed":45222,"deaths":1118,"recovered":5150,"date":"2020-02-12"},{"confirmed":60370,"deaths":1371,"recovered":6295,"date":"2020-02-13"},{"confirmed":66887,"deaths":1523,"recovered":8058,"date":"2020-02-14"},{"confirmed":69032,"deaths":1666,"recovered":9395,"date":"2020-02-15"},{"confirmed":71226,"deaths":1770,"recovered":10865,"date":"2020-02-16"},{"confirmed":73260,"deaths":1868,"recovered":12583,"date":"2020-02-17"},{"confirmed":75138,"deaths":2007,"recovered":14352,"date":"2020-02-18"},{"confirmed":75641,"deaths":2122,"recovered":16121,"date":"2020-02-19"},{"confirmed":76199,"deaths":2247,"recovered":18177,"date":"2020-02-20"},{"confirmed":76843,"deaths":2251,"recovered":18890,"date":"2020-02-21"},{"confirmed":78599,"deaths":2458,"recovered":22886,"date":"2020-02-22"},{"confirmed":78985,"deaths":2469,"recovered":23394,"date":"2020-02-23"},{"confirmed":79570,"deaths":2629,"recovered":25227,"date":"2020-02-24"},{"confirmed":80415,"deaths":2708,"recovered":27905,"date":"2020-02-25"},{"confirmed":81397,"deaths":2770,"recovered":30384,"date":"2020-02-26"},{"confirmed":82756,"deaths":2814,"recovered":33277,"date":"2020-02-27"},{"confirmed":84124,"deaths":2872,"recovered":36711,"date":"2020-02-28"},{"confirmed":86013,"deaths":2941,"recovered":39782,"date":"2020-02-29"},{"confirmed":88371,"deaths":2996,"recovered":42716,"date":"2020-03-01"},{"confirmed":90309,"deaths":3085,"recovered":45602,"date":"2020-03-02"},{"confirmed":92844,"deaths":3160,"recovered":48229,"date":"2020-03-03"},{"confirmed":95124,"deaths":3254,"recovered":51171,"date":"2020-03-04"},{"confirmed":97886,"deaths":3348,"recovered":53797,"date":"2020-03-05"},{"confirmed":101800,"deaths":3460,"recovered":55866,"date":"2020-03-06"},{"confirmed":105836,"deaths":3558,"recovered":58359,"date":"2020-03-07"},{"confirmed":109835,"deaths":3803,"recovered":60695,"date":"2020-03-08"},{"confirmed":113582,"deaths":3996,"recovered":62512,"date":"2020-03-09"},{"confirmed":118582,"deaths":4262,"recovered":64404,"date":"2020-03-10"},{"confirmed":125865,"deaths":4615,"recovered":67003,"date":"2020-03-11"},{"confirmed":128343,"deaths":4720,"recovered":68324,"date":"2020-03-12"},{"confirmed":145193,"deaths":5404,"recovered":70251,"date":"2020-03-13"},{"confirmed":156099,"deaths":5819,"recovered":72624,"date":"2020-03-14"},{"confirmed":167447,"deaths":6440,"recovered":76034,"date":"2020-03-15"},{"confirmed":181546,"deaths":7126,"recovered":78088,"date":"2020-03-16"},{"confirmed":197168,"deaths":7905,"recovered":80840,"date":"2020-03-17"},{"confirmed":214915,"deaths":8733,"recovered":83313,"date":"2020-03-18"},{"confirmed":242713,"deaths":9867,"recovered":84962,"date":"2020-03-19"},{"confirmed":272167,"deaths":11299,"recovered":87403,"date":"2020-03-20"},{"confirmed":304549,"deaths":12973,"recovered":91676,"date":"2020-03-21"},{"confirmed":337122,"deaths":14623,"recovered":97243,"date":"2020-03-22"},{"confirmed":378283,"deaths":16497,"recovered":100958,"date":"2020-03-23"},{"confirmed":417962,"deaths":18615,"recovered":107699,"date":"2020-03-24"},{"confirmed":467594,"deaths":21181,"recovered":113764,"date":"2020-03-25"},{"confirmed":529591,"deaths":23970,"recovered":122144,"date":"2020-03-26"},{"confirmed":593291,"deaths":27198,"recovered":130909,"date":"2020-03-27"},{"confirmed":660693,"deaths":30652,"recovered":139409,"date":"2020-03-28"},{"confirmed":720140,"deaths":33925,"recovered":149076,"date":"2020-03-29"},{"confirmed":782389,"deaths":37582,"recovered":164560,"date":"2020-03-30"},{"confirmed":857487,"deaths":42107,"recovered":178028,"date":"2020-03-31"},{"confirmed":932605,"deaths":46809,"recovered":193171,"date":"2020-04-01"},{"confirmed":1013303,"deaths":52983,"recovered":210263,"date":"2020-04-02"},{"confirmed":1095917,"deaths":58787,"recovered":225796,"date":"2020-04-03"},{"confirmed":1197408,"deaths":64606,"recovered":246152,"date":"2020-04-04"},{"confirmed":1272115,"deaths":69374,"recovered":260012,"date":"2020-04-05"},{"confirmed":1345101,"deaths":74565,"recovered":276515,"date":"2020-04-06"},{"confirmed":1426096,"deaths":81865,"recovered":300054,"date":"2020-04-07"},{"confirmed":1511104,"deaths":88338,"recovered":328661,"date":"2020-04-08"},{"confirmed":1595350,"deaths":95455,"recovered":353975,"date":"2020-04-09"},{"confirmed":1691719,"deaths":102525,"recovered":376096,"date":"2020-04-10"},{"confirmed":1771514,"deaths":108502,"recovered":402110,"date":"2020-04-11"},{"confirmed":1846680,"deaths":114089,"recovered":421722,"date":"2020-04-12"},{"confirmed":1917320,"deaths":119482,"recovered":448655,"date":"2020-04-13"},{"confirmed":1976192,"deaths":125984,"recovered":474261,"date":"2020-04-14"},{"confirmed":2056055,"deaths":134177,"recovered":511019,"date":"2020-04-15"},{"confirmed":2152647,"deaths":143801,"recovered":542107,"date":"2020-04-16"},{"confirmed":2240191,"deaths":153822,"recovered":568343,"date":"2020-04-17"},{"confirmed":2317759,"deaths":159510,"recovered":592319,"date":"2020-04-18"},{"confirmed":2401379,"deaths":165044,"recovered":623903,"date":"2020-04-19"},{"confirmed":2472259,"deaths":169986,"recovered":645738,"date":"2020-04-20"},{"confirmed":2549123,"deaths":176583,"recovered":679819,"date":"2020-04-21"},{"confirmed":2623960,"deaths":183066,"recovered":709694,"date":"2020-04-22"},{"confirmed":2708885,"deaths":190858,"recovered":738486,"date":"2020-04-23"},{"confirmed":2810715,"deaths":197151,"recovered":793420,"date":"2020-04-24"},{"confirmed":2896746,"deaths":202846,"recovered":816685,"date":"2020-04-25"},{"confirmed":2971475,"deaths":206544,"recovered":865733,"date":"2020-04-26"},{"confirmed":3041657,"deaths":211167,"recovered":893967,"date":"2020-04-27"},{"confirmed":3116398,"deaths":217153,"recovered":928658,"date":"2020-04-28"},{"confirmed":3193886,"deaths":227638,"recovered":972719,"date":"2020-04-29"},{"confirmed":3256846,"deaths":233388,"recovered":1014753,"date":"2020-04-30"},{"confirmed":3343777,"deaths":238650,"recovered":1053327,"date":"2020-05-01"},{"confirmed":3427343,"deaths":243808,"recovered":1093112,"date":"2020-05-02"},{"confirmed":3506729,"deaths":247470,"recovered":1125236,"date":"2020-05-03"},{"confirmed":3583055,"deaths":251537,"recovered":1162724,"date":"2020-05-04"},{"confirmed":3662691,"deaths":257239,"recovered":1198832,"date":"2020-05-05"},{"confirmed":3755341,"deaths":263831,"recovered":1245413,"date":"2020-05-06"},{"confirmed":3845718,"deaths":269567,"recovered":1284741,"date":"2020-05-07"},{"confirmed":3938064,"deaths":274898,"recovered":1322050,"date":"2020-05-08"},{"confirmed":4024009,"deaths":279311,"recovered":1375624,"date":"2020-05-09"},{"confirmed":4101699,"deaths":282709,"recovered":1408980,"date":"2020-05-10"},{"confirmed":4177504,"deaths":286330,"recovered":1456209,"date":"2020-05-11"},{"confirmed":4261955,"deaths":291964,"recovered":1493414,"date":"2020-05-12"},{"confirmed":4347018,"deaths":297197,"recovered":1548547,"date":"2020-05-13"},{"confirmed":4442163,"deaths":302418,"recovered":1587893,"date":"2020-05-14"},{"confirmed":4542347,"deaths":307666,"recovered":1637067,"date":"2020-05-15"},{"confirmed":4634068,"deaths":311781,"recovered":1693197,"date":"2020-05-16"},{"confirmed":4713620,"deaths":315185,"recovered":1733963,"date":"2020-05-17"},{"confirmed":4801943,"deaths":318481,"recovered":1786875,"date":"2020-05-18"},{"confirmed":4897492,"deaths":323285,"recovered":1838995,"date":"2020-05-19"},{"confirmed":4996472,"deaths":328115,"recovered":1897466,"date":"2020-05-20"},{"confirmed":5102424,"deaths":332924,"recovered":1948739,"date":"2020-05-21"},{"confirmed":5210817,"deaths":338160,"recovered":2056643,"date":"2020-05-22"},{"confirmed":5310362,"deaths":342097,"recovered":2112185,"date":"2020-05-23"},{"confirmed":5407613,"deaths":345059,"recovered":2168563,"date":"2020-05-24"},{"confirmed":5495061,"deaths":346232,"recovered":2231738,"date":"2020-05-25"},{"confirmed":5589626,"deaths":350453,"recovered":2286956,"date":"2020-05-26"},{"confirmed":5691790,"deaths":355629,"recovered":2350088,"date":"2020-05-27"},{"confirmed":5808946,"deaths":360308,"recovered":2415960,"date":"2020-05-28"},{"confirmed":5924275,"deaths":364867,"recovered":2493535,"date":"2020-05-29"},{"confirmed":6059017,"deaths":369126,"recovered":2564693,"date":"2020-05-30"},{"confirmed":6166946,"deaths":372035,"recovered":2641329,"date":"2020-05-31"},{"confirmed":6265852,"deaths":375543,"recovered":2696009,"date":"2020-06-01"},{"confirmed":6386364,"deaths":380383,"recovered":2729527,"date":"2020-06-02"},{"confirmed":6508635,"deaths":385947,"recovered":2804982,"date":"2020-06-03"},{"confirmed":6632985,"deaths":391136,"recovered":2869963,"date":"2020-06-04"},{"confirmed":6770170,"deaths":396121,"recovered":3013132,"date":"2020-06-05"},{"confirmed":6896917,"deaths":400000,"recovered":3085833,"date":"2020-06-06"},{"confirmed":7010582,"deaths":402744,"recovered":3140920,"date":"2020-06-07"},{"confirmed":7119002,"deaths":406543,"recovered":3293408,"date":"2020-06-08"},{"confirmed":7242313,"deaths":411436,"recovered":3375673,"date":"2020-06-09"},{"confirmed":7360239,"deaths":416201,"recovered":3454807,"date":"2020-06-10"},{"confirmed":7514481,"deaths":421458,"recovered":3540696,"date":"2020-06-11"},{"confirmed":7632802,"deaths":425394,"recovered":3613277,"date":"2020-06-12"},{"confirmed":7766952,"deaths":429736,"recovered":3698304,"date":"2020-06-13"},{"confirmed":7900924,"deaths":433066,"recovered":3769712,"date":"2020-06-14"},{"confirmed":8034504,"deaths":436899,"recovered":3857339,"date":"2020-06-15"},{"confirmed":8173940,"deaths":443685,"recovered":3955169,"date":"2020-06-16"},{"confirmed":8349950,"deaths":448959,"recovered":4073955,"date":"2020-06-17"},{"confirmed":8488977,"deaths":453985,"recovered":4155099,"date":"2020-06-18"},{"confirmed":8668523,"deaths":460217,"recovered":4245777,"date":"2020-06-19"},{"confirmed":8791804,"deaths":464465,"recovered":4378255,"date":"2020-06-20"},{"confirmed":8955536,"deaths":468365,"recovered":4447086,"date":"2020-06-21"},{"confirmed":9098641,"deaths":472171,"recovered":4526333,"date":"2020-06-22"},{"confirmed":9263466,"deaths":477584,"recovered":4630391,"date":"2020-06-23"},{"confirmed":9430516,"deaths":482753,"recovered":4746118,"date":"2020-06-24"},{"confirmed":9609829,"deaths":489312,"recovered":4838921,"date":"2020-06-25"},{"confirmed":9801572,"deaths":494181,"recovered":4945557,"date":"2020-06-26"},{"confirmed":9979535,"deaths":498710,"recovered":5051864,"date":"2020-06-27"},{"confirmed":10145791,"deaths":501893,"recovered":5140899,"date":"2020-06-28"},{"confirmed":10302151,"deaths":505505,"recovered":5235813,"date":"2020-06-29"},{"confirmed":10475838,"deaths":511253,"recovered":5353272,"date":"2020-06-30"},{"confirmed":10692551,"deaths":516210,"recovered":5577684,"date":"2020-07-01"},{"confirmed":10869739,"deaths":521298,"recovered":5754006,"date":"2020-07-02"},{"confirmed":11074878,"deaths":526411,"recovered":5863847,"date":"2020-07-03"},{"confirmed":11267309,"deaths":530754,"recovered":6059565,"date":"2020-07-04"},{"confirmed":11449707,"deaths":534267,"recovered":6179006,"date":"2020-07-05"},{"confirmed":11620096,"deaths":538058,"recovered":6302626,"date":"2020-07-06"},{"confirmed":11829602,"deaths":544163,"recovered":6447656,"date":"2020-07-07"},{"confirmed":12041480,"deaths":549468,"recovered":6586726,"date":"2020-07-08"},{"confirmed":12268518,"deaths":554924,"recovered":6740124,"date":"2020-07-09"},{"confirmed":12498467,"deaths":560209,"recovered":6879521,"date":"2020-07-10"},{"confirmed":12717908,"deaths":565138,"recovered":7005299,"date":"2020-07-11"},{"confirmed":12910357,"deaths":569128,"recovered":7116957,"date":"2020-07-12"},{"confirmed":13104391,"deaths":573003,"recovered":7257369,"date":"2020-07-13"},{"confirmed":13324057,"deaths":578646,"recovered":7399474,"date":"2020-07-14"},{"confirmed":13554477,"deaths":584124,"recovered":7559252,"date":"2020-07-15"},{"confirmed":13805296,"deaths":589911,"recovered":7711525,"date":"2020-07-16"},{"confirmed":14055299,"deaths":596518,"recovered":7894890,"date":"2020-07-17"},{"confirmed":14292922,"deaths":602144,"recovered":8045827,"date":"2020-07-18"},{"confirmed":14507491,"deaths":606173,"recovered":8133663,"date":"2020-07-19"},{"confirmed":14707960,"deaths":609894,"recovered":8290431,"date":"2020-07-20"},{"confirmed":14947596,"deaths":616448,"recovered":8467147,"date":"2020-07-21"},{"confirmed":15229740,"deaths":623443,"recovered":8643987,"date":"2020-07-22"},{"confirmed":15511157,"deaths":633396,"recovered":8813886,"date":"2020-07-23"},{"confirmed":15792390,"deaths":639652,"recovered":9043203,"date":"2020-07-24"},{"confirmed":16046986,"deaths":645257,"recovered":9262520,"date":"2020-07-25"},{"confirmed":16252761,"deaths":648645,"recovered":9397626,"date":"2020-07-26"},{"confirmed":16487669,"deaths":654055,"recovered":9572619,"date":"2020-07-27"},{"confirmed":16691527,"deaths":659622,"recovered":9711187,"date":"2020-07-28"},{"confirmed":17029155,"deaths":667011,"recovered":9948163,"date":"2020-07-29"},{"confirmed":17309805,"deaths":673194,"recovered":10170650,"date":"2020-07-30"},{"confirmed":17600062,"deaths":679515,"recovered":10369255,"date":"2020-07-31"},{"confirmed":17850929,"deaths":685085,"recovered":10553852,"date":"2020-08-01"},{"confirmed":18079516,"deaths":689360,"recovered":10690555,"date":"2020-08-02"},{"confirmed":18282208,"deaths":693694,"recovered":10913000,"date":"2020-08-03"},{"confirmed":18540789,"deaths":700709,"recovered":11134735,"date":"2020-08-04"},{"confirmed":18812171,"deaths":707808,"recovered":11356431,"date":"2020-08-05"},{"confirmed":19097149,"deaths":714940,"recovered":11545401,"date":"2020-08-06"},{"confirmed":19378036,"deaths":721324,"recovered":11738052,"date":"2020-08-07"},{"confirmed":19637696,"deaths":726794,"recovered":11939431,"date":"2020-08-08"},{"confirmed":19862061,"deaths":731351,"recovered":12116289,"date":"2020-08-09"},{"confirmed":20089624,"deaths":736191,"recovered":12280520,"date":"2020-08-10"},{"confirmed":20343760,"deaths":742628,"recovered":12585663,"date":"2020-08-11"},{"confirmed":20631144,"deaths":749612,"recovered":12828035,"date":"2020-08-12"},{"confirmed":20906188,"deaths":755597,"recovered":12992381,"date":"2020-08-13"},{"confirmed":21209004,"deaths":765722,"recovered":13276831,"date":"2020-08-14"},{"confirmed":21459699,"deaths":771063,"recovered":13445844,"date":"2020-08-15"},{"confirmed":21672327,"deaths":775255,"recovered":13677100,"date":"2020-08-16"},{"confirmed":21882128,"deaths":774054,"recovered":13888685,"date":"2020-08-17"},{"confirmed":22138067,"deaths":780934,"recovered":14116672,"date":"2020-08-18"},{"confirmed":22411603,"deaths":787707,"recovered":14334257,"date":"2020-08-19"},{"confirmed":22678944,"deaths":793746,"recovered":14542161,"date":"2020-08-20"},{"confirmed":22949234,"deaths":799252,"recovered":14712254,"date":"2020-08-21"},{"confirmed":23203705,"deaths":804425,"recovered":14911518,"date":"2020-08-22"},{"confirmed":23420418,"deaths":808676,"recovered":15137205,"date":"2020-08-23"},{"confirmed":23647476,"deaths":813035,"recovered":15337406,"date":"2020-08-24"},{"confirmed":23889150,"deaths":819414,"recovered":15570193,"date":"2020-08-25"},{"confirmed":24176993,"deaths":825700,"recovered":15794597,"date":"2020-08-26"},{"confirmed":24452927,"deaths":831596,"recovered":15997580,"date":"2020-08-27"},{"confirmed":24734879,"deaths":837135,"recovered":16198618,"date":"2020-08-28"},{"confirmed":24997003,"deaths":842519,"recovered":16410326,"date":"2020-08-29"},{"confirmed":25223378,"deaths":846423,"recovered":16618855,"date":"2020-08-30"},{"confirmed":25485557,"deaths":850572,"recovered":16820401,"date":"2020-08-31"},{"confirmed":25750582,"deaths":857060,"recovered":17075392,"date":"2020-09-01"},{"confirmed":26032440,"deaths":863079,"recovered":17293011,"date":"2020-09-02"},{"confirmed":26305964,"deaths":868793,"recovered":17513912,"date":"2020-09-03"},{"confirmed":26610709,"deaths":874432,"recovered":17718780,"date":"2020-09-04"},{"confirmed":26874536,"deaths":879375,"recovered":17919289,"date":"2020-09-05"},{"confirmed":27105330,"deaths":883414,"recovered":18139070,"date":"2020-09-06"},{"confirmed":27334009,"deaths":892523,"recovered":18326919,"date":"2020-09-07"},{"confirmed":27572417,"deaths":897463,"recovered":18526387,"date":"2020-09-08"},{"confirmed":27865487,"deaths":903772,"recovered":18778863,"date":"2020-09-09"},{"confirmed":28163713,"deaths":909572,"recovered":18994630,"date":"2020-09-10"},{"confirmed":28483295,"deaths":915454,"recovered":19218164,"date":"2020-09-11"},{"confirmed":28760919,"deaths":920332,"recovered":19441643,"date":"2020-09-12"},{"confirmed":28996850,"deaths":923981,"recovered":19627584,"date":"2020-09-13"},{"confirmed":29192928,"deaths":927361,"recovered":19777899,"date":"2020-09-14"},{"confirmed":29560350,"deaths":934967,"recovered":20081977,"date":"2020-09-15"},{"confirmed":29864748,"deaths":940724,"recovered":20311101,"date":"2020-09-16"},{"confirmed":30178532,"deaths":946183,"recovered":20530587,"date":"2020-09-17"},{"confirmed":30501887,"deaths":951892,"recovered":20782529,"date":"2020-09-18"},{"confirmed":30783183,"deaths":957127,"recovered":21020466,"date":"2020-09-19"},{"confirmed":31024468,"deaths":960823,"recovered":21256599,"date":"2020-09-20"},{"confirmed":31323455,"deaths":964875,"recovered":21499949,"date":"2020-09-21"},{"confirmed":31603085,"deaths":970792,"recovered":21718209,"date":"2020-09-22"},{"confirmed":31869061,"deaths":976363,"recovered":21981930,"date":"2020-09-23"},{"confirmed":32230062,"deaths":983079,"recovered":22236681,"date":"2020-09-24"},{"confirmed":32564910,"deaths":988995,"recovered":22476408,"date":"2020-09-25"},{"confirmed":32842895,"deaths":994276,"recovered":22719759,"date":"2020-09-26"},{"confirmed":33085961,"deaths":997878,"recovered":22930159,"date":"2020-09-27"},{"confirmed":33360470,"deaths":1001799,"recovered":23155715,"date":"2020-09-28"},{"confirmed":33644615,"deaths":1007894,"recovered":23392396,"date":"2020-09-29"},{"confirmed":33971209,"deaths":1014301,"recovered":23641932,"date":"2020-09-30"},{"confirmed":34282894,"deaths":1022848,"recovered":23854306,"date":"2020-10-01"},{"confirmed":34585917,"deaths":1027969,"recovered":24034444,"date":"2020-10-02"},{"confirmed":34891762,"deaths":1033322,"recovered":24292630,"date":"2020-10-03"},{"confirmed":35153827,"deaths":1037086,"recovered":24510831,"date":"2020-10-04"},{"confirmed":35479286,"deaths":1044093,"recovered":24749718,"date":"2020-10-05"},{"confirmed":35807209,"deaths":1049878,"recovered":24981297,"date":"2020-10-06"},{"confirmed":36156466,"deaths":1055686,"recovered":25236697,"date":"2020-10-07"},{"confirmed":36515961,"deaths":1061881,"recovered":25456260,"date":"2020-10-08"},{"confirmed":36876845,"deaths":1068048,"recovered":25661624,"date":"2020-10-09"},{"confirmed":37207748,"deaths":1072871,"recovered":25853670,"date":"2020-10-10"},{"confirmed":37476235,"deaths":1076765,"recovered":26071496,"date":"2020-10-11"},{"confirmed":37802460,"deaths":1080688,"recovered":26276045,"date":"2020-10-12"},{"confirmed":38130885,"deaths":1086149,"recovered":26466504,"date":"2020-10-13"},{"confirmed":38511517,"deaths":1092152,"recovered":26678511,"date":"2020-10-14"},{"confirmed":38918206,"deaths":1098257,"recovered":26885286,"date":"2020-10-15"},{"confirmed":39329554,"deaths":1104357,"recovered":27089940,"date":"2020-10-16"},{"confirmed":39671271,"deaths":1109836,"recovered":27288620,"date":"2020-10-17"},{"confirmed":39956099,"deaths":1113181,"recovered":27487616,"date":"2020-10-18"},{"confirmed":40395995,"deaths":1118162,"recovered":27697918,"date":"2020-10-19"},{"confirmed":40783909,"deaths":1124748,"recovered":27908333,"date":"2020-10-20"},{"confirmed":41227688,"deaths":1131312,"recovered":28119471,"date":"2020-10-21"},{"confirmed":41696372,"deaths":1137197,"recovered":28345875,"date":"2020-10-22"},{"confirmed":42203127,"deaths":1144151,"recovered":28551998,"date":"2020-10-23"},{"confirmed":42614034,"deaths":1149788,"recovered":28763265,"date":"2020-10-24"},{"confirmed":43004802,"deaths":1153866,"recovered":28960456,"date":"2020-10-25"},{"confirmed":43497272,"deaths":1159490,"recovered":29199046,"date":"2020-10-26"},{"confirmed":43965280,"deaths":1166892,"recovered":29789567,"date":"2020-10-27"},{"confirmed":44481667,"deaths":1174007,"recovered":30052209,"date":"2020-10-28"},{"confirmed":45018354,"deaths":1181027,"recovered":30298756,"date":"2020-10-29"},{"confirmed":45584151,"deaths":1188866,"recovered":29690219,"date":"2020-10-30"},{"confirmed":46070424,"deaths":1195422,"recovered":30820223,"date":"2020-10-31"},{"confirmed":46509232,"deaths":1200361,"recovered":31078769,"date":"2020-11-01"},{"confirmed":46870394,"deaths":1206181,"recovered":31358807,"date":"2020-11-02"},{"confirmed":46956060,"deaths":1207768,"recovered":31403593,"date":"2020-11-03"}]