[{"confirmed":14167,"deaths":97,"recovered":8963,"id":"US-WY"},{"confirmed":25238,"deaths":461,"recovered":19220,"id":"US-WV"},{"confirmed":232295,"deaths":2050,"recovered":181845,"id":"US-WI"},{"confirmed":109354,"deaths":2378,"recovered":0,"id":"US-WA"},{"confirmed":2219,"deaths":58,"recovered":1826,"id":"US-VT"},{"confirmed":183418,"deaths":3658,"recovered":20124,"id":"US-VA"},{"confirmed":117706,"deaths":614,"recovered":86269,"id":"US-UT"},{"confirmed":942303,"deaths":18534,"recovered":787685,"id":"US-TX"},{"confirmed":264587,"deaths":3379,"recovered":234460,"id":"US-TN"},{"confirmed":47850,"deaths":438,"recovered":34087,"id":"US-SD"},{"confirmed":178917,"deaths":3946,"recovered":91934,"id":"US-SC"},{"confirmed":34120,"deaths":1210,"recovered":2811,"id":"US-RI"},{"confirmed":217243,"deaths":8812,"recovered":161116,"id":"US-PA"},{"confirmed":45978,"deaths":692,"recovered":5870,"id":"US-OR"},{"confirmed":125195,"deaths":1354,"recovered":107893,"id":"US-OK"},{"confirmed":221909,"deaths":5340,"recovered":171657,"id":"US-OH"},{"confirmed":511368,"deaths":33539,"recovered":79831,"id":"US-NY"},{"confirmed":102114,"deaths":1846,"recovered":2442,"id":"US-NV"},{"confirmed":48104,"deaths":1036,"recovered":21623,"id":"US-NM"},{"confirmed":240997,"deaths":16357,"recovered":37342,"id":"US-NJ"},{"confirmed":11320,"deaths":483,"recovered":9430,"id":"US-NH"},{"confirmed":72620,"deaths":656,"recovered":44773,"id":"US-NE"},{"confirmed":46015,"deaths":540,"recovered":37035,"id":"US-ND"},{"confirmed":278028,"deaths":4390,"recovered":246318,"id":"US-NC"},{"confirmed":34252,"deaths":386,"recovered":21496,"id":"US-MT"},{"confirmed":120865,"deaths":3348,"recovered":105839,"id":"US-MS"},{"confirmed":191223,"deaths":3043,"recovered":0,"id":"US-MO"},{"confirmed":153620,"deaths":2538,"recovered":132125,"id":"US-MN"},{"confirmed":204326,"deaths":7716,"recovered":121093,"id":"US-MI"},{"confirmed":6798,"deaths":148,"recovered":5588,"id":"US-ME"},{"confirmed":146995,"deaths":4155,"recovered":8201,"id":"US-MD"},{"confirmed":160549,"deaths":10023,"recovered":127054,"id":"US-MA"},{"confirmed":183616,"deaths":5934,"recovered":168634,"id":"US-LA"},{"confirmed":109670,"deaths":1492,"recovered":18516,"id":"US-KY"},{"confirmed":85280,"deaths":1045,"recovered":2682,"id":"US-KS"},{"confirmed":185185,"deaths":4390,"recovered":123980,"id":"US-IN"},{"confirmed":429749,"deaths":10093,"recovered":0,"id":"US-IL"},{"confirmed":65845,"deaths":632,"recovered":30218,"id":"US-ID"},{"confirmed":132865,"deaths":1756,"recovered":93943,"id":"US-IA"},{"confirmed":15231,"deaths":219,"recovered":11824,"id":"US-HI"},{"confirmed":362921,"deaths":7999,"recovered":0,"id":"US-GA"},{"confirmed":812063,"deaths":16834,"recovered":0,"id":"US-FL"},{"confirmed":25311,"deaths":710,"recovered":13375,"id":"US-DE"},{"confirmed":17438,"deaths":647,"recovered":13443,"id":"US-DC"},{"confirmed":73858,"deaths":4627,"recovered":9800,"id":"US-CT"},{"confirmed":112124,"deaths":2292,"recovered":8038,"id":"US-CO"},{"confirmed":941508,"deaths":17700,"recovered":0,"id":"US-CA"},{"confirmed":248139,"deaths":5982,"recovered":41589,"id":"US-AZ"},{"confirmed":113641,"deaths":1985,"recovered":101507,"id":"US-AR"},{"confirmed":194892,"deaths":2973,"recovered":81005,"id":"US-AL"},{"confirmed":17057,"deaths":84,"recovered":7110,"id":"US-AK"}]