[{"confirmed":1,"deaths":0,"recovered":0,"date":"2020-01-22"},{"confirmed":1,"deaths":0,"recovered":0,"date":"2020-01-23"},{"confirmed":2,"deaths":0,"recovered":0,"date":"2020-01-24"},{"confirmed":2,"deaths":0,"recovered":0,"date":"2020-01-25"},{"confirmed":5,"deaths":0,"recovered":0,"date":"2020-01-26"},{"confirmed":5,"deaths":0,"recovered":0,"date":"2020-01-27"},{"confirmed":5,"deaths":0,"recovered":0,"date":"2020-01-28"},{"confirmed":5,"deaths":0,"recovered":0,"date":"2020-01-29"},{"confirmed":5,"deaths":0,"recovered":0,"date":"2020-01-30"},{"confirmed":6,"deaths":0,"recovered":0,"date":"2020-01-31"},{"confirmed":8,"deaths":0,"recovered":0,"date":"2020-02-01"},{"confirmed":8,"deaths":0,"recovered":0,"date":"2020-02-02"},{"confirmed":11,"deaths":0,"recovered":0,"date":"2020-02-03"},{"confirmed":11,"deaths":0,"recovered":0,"date":"2020-02-04"},{"confirmed":12,"deaths":0,"recovered":0,"date":"2020-02-05"},{"confirmed":12,"deaths":0,"recovered":0,"date":"2020-02-06"},{"confirmed":12,"deaths":0,"recovered":0,"date":"2020-02-07"},{"confirmed":12,"deaths":0,"recovered":0,"date":"2020-02-08"},{"confirmed":12,"deaths":0,"recovered":3,"date":"2020-02-09"},{"confirmed":12,"deaths":0,"recovered":3,"date":"2020-02-10"},{"confirmed":13,"deaths":0,"recovered":3,"date":"2020-02-11"},{"confirmed":13,"deaths":0,"recovered":3,"date":"2020-02-12"},{"confirmed":15,"deaths":0,"recovered":3,"date":"2020-02-13"},{"confirmed":15,"deaths":0,"recovered":3,"date":"2020-02-14"},{"confirmed":15,"deaths":0,"recovered":3,"date":"2020-02-15"},{"confirmed":15,"deaths":0,"recovered":3,"date":"2020-02-16"},{"confirmed":15,"deaths":0,"recovered":3,"date":"2020-02-17"},{"confirmed":15,"deaths":0,"recovered":3,"date":"2020-02-18"},{"confirmed":15,"deaths":0,"recovered":3,"date":"2020-02-19"},{"confirmed":15,"deaths":0,"recovered":3,"date":"2020-02-20"},{"confirmed":35,"deaths":0,"recovered":5,"date":"2020-02-21"},{"confirmed":35,"deaths":0,"recovered":5,"date":"2020-02-22"},{"confirmed":35,"deaths":0,"recovered":5,"date":"2020-02-23"},{"confirmed":17,"deaths":0,"recovered":5,"date":"2020-02-24"},{"confirmed":17,"deaths":0,"recovered":6,"date":"2020-02-25"},{"confirmed":17,"deaths":0,"recovered":6,"date":"2020-02-26"},{"confirmed":18,"deaths":0,"recovered":6,"date":"2020-02-27"},{"confirmed":18,"deaths":0,"recovered":7,"date":"2020-02-28"},{"confirmed":26,"deaths":1,"recovered":7,"date":"2020-02-29"},{"confirmed":32,"deaths":1,"recovered":7,"date":"2020-03-01"},{"confirmed":56,"deaths":6,"recovered":7,"date":"2020-03-02"},{"confirmed":77,"deaths":7,"recovered":8,"date":"2020-03-03"},{"confirmed":108,"deaths":11,"recovered":8,"date":"2020-03-04"},{"confirmed":176,"deaths":12,"recovered":8,"date":"2020-03-05"},{"confirmed":233,"deaths":14,"recovered":8,"date":"2020-03-06"},{"confirmed":351,"deaths":17,"recovered":8,"date":"2020-03-07"},{"confirmed":471,"deaths":21,"recovered":8,"date":"2020-03-08"},{"confirmed":539,"deaths":22,"recovered":8,"date":"2020-03-09"},{"confirmed":892,"deaths":28,"recovered":8,"date":"2020-03-10"},{"confirmed":1214,"deaths":36,"recovered":8,"date":"2020-03-11"},{"confirmed":1596,"deaths":40,"recovered":12,"date":"2020-03-12"},{"confirmed":2112,"deaths":47,"recovered":12,"date":"2020-03-13"},{"confirmed":2655,"deaths":54,"recovered":12,"date":"2020-03-14"},{"confirmed":3423,"deaths":63,"recovered":12,"date":"2020-03-15"},{"confirmed":4556,"deaths":85,"recovered":17,"date":"2020-03-16"},{"confirmed":6343,"deaths":108,"recovered":17,"date":"2020-03-17"},{"confirmed":7703,"deaths":118,"recovered":0,"date":"2020-03-18"},{"confirmed":13588,"deaths":200,"recovered":0,"date":"2020-03-19"},{"confirmed":18997,"deaths":244,"recovered":0,"date":"2020-03-20"},{"confirmed":25399,"deaths":306,"recovered":0,"date":"2020-03-21"},{"confirmed":33709,"deaths":424,"recovered":0,"date":"2020-03-22"},{"confirmed":43519,"deaths":548,"recovered":0,"date":"2020-03-23"},{"confirmed":53571,"deaths":702,"recovered":0,"date":"2020-03-24"},{"confirmed":65596,"deaths":938,"recovered":0,"date":"2020-03-25"},{"confirmed":83633,"deaths":1205,"recovered":0,"date":"2020-03-26"},{"confirmed":101431,"deaths":1574,"recovered":0,"date":"2020-03-27"},{"confirmed":121136,"deaths":2019,"recovered":0,"date":"2020-03-28"},{"confirmed":140551,"deaths":2460,"recovered":0,"date":"2020-03-29"},{"confirmed":161417,"deaths":2968,"recovered":0,"date":"2020-03-30"},{"confirmed":187680,"deaths":3860,"recovered":0,"date":"2020-03-31"},{"confirmed":212821,"deaths":4739,"recovered":0,"date":"2020-04-01"},{"confirmed":243013,"deaths":5907,"recovered":0,"date":"2020-04-02"},{"confirmed":274989,"deaths":7064,"recovered":0,"date":"2020-04-03"},{"confirmed":308108,"deaths":8381,"recovered":0,"date":"2020-04-04"},{"confirmed":336283,"deaths":9590,"recovered":0,"date":"2020-04-05"},{"confirmed":365838,"deaths":10753,"recovered":0,"date":"2020-04-06"},{"confirmed":395326,"deaths":12689,"recovered":0,"date":"2020-04-07"},{"confirmed":428103,"deaths":14661,"recovered":0,"date":"2020-04-08"},{"confirmed":460418,"deaths":16435,"recovered":0,"date":"2020-04-09"},{"confirmed":495467,"deaths":18537,"recovered":0,"date":"2020-04-10"},{"confirmed":525261,"deaths":20409,"recovered":0,"date":"2020-04-11"},{"confirmed":554069,"deaths":21967,"recovered":0,"date":"2020-04-12"},{"confirmed":579369,"deaths":23475,"recovered":0,"date":"2020-04-13"},{"confirmed":606400,"deaths":25778,"recovered":0,"date":"2020-04-14"},{"confirmed":635025,"deaths":28266,"recovered":0,"date":"2020-04-15"},{"confirmed":666407,"deaths":32852,"recovered":0,"date":"2020-04-16"},{"confirmed":698286,"deaths":36706,"recovered":0,"date":"2020-04-17"},{"confirmed":730724,"deaths":38594,"recovered":0,"date":"2020-04-18"},{"confirmed":757518,"deaths":40589,"recovered":0,"date":"2020-04-19"},{"confirmed":782719,"deaths":42021,"recovered":0,"date":"2020-04-20"},{"confirmed":810212,"deaths":44370,"recovered":0,"date":"2020-04-21"},{"confirmed":838612,"deaths":46549,"recovered":0,"date":"2020-04-22"},{"confirmed":867395,"deaths":49872,"recovered":0,"date":"2020-04-23"},{"confirmed":903696,"deaths":51859,"recovered":0,"date":"2020-04-24"},{"confirmed":936485,"deaths":53659,"recovered":0,"date":"2020-04-25"},{"confirmed":964048,"deaths":54783,"recovered":0,"date":"2020-04-26"},{"confirmed":986337,"deaths":56161,"recovered":0,"date":"2020-04-27"},{"confirmed":1010818,"deaths":58255,"recovered":0,"date":"2020-04-28"},{"confirmed":1038112,"deaths":60867,"recovered":0,"date":"2020-04-29"},{"confirmed":1067508,"deaths":62890,"recovered":0,"date":"2020-04-30"},{"confirmed":1101509,"deaths":64835,"recovered":0,"date":"2020-05-01"},{"confirmed":1130405,"deaths":66260,"recovered":0,"date":"2020-05-02"},{"confirmed":1155855,"deaths":67571,"recovered":0,"date":"2020-05-03"},{"confirmed":1178155,"deaths":68811,"recovered":0,"date":"2020-05-04"},{"confirmed":1202050,"deaths":70951,"recovered":0,"date":"2020-05-05"},{"confirmed":1226253,"deaths":73318,"recovered":0,"date":"2020-05-06"},{"confirmed":1254610,"deaths":75546,"recovered":0,"date":"2020-05-07"},{"confirmed":1281387,"deaths":77059,"recovered":0,"date":"2020-05-08"},{"confirmed":1306990,"deaths":78673,"recovered":0,"date":"2020-05-09"},{"confirmed":1326674,"deaths":79401,"recovered":0,"date":"2020-05-10"},{"confirmed":1345234,"deaths":80554,"recovered":0,"date":"2020-05-11"},{"confirmed":1366883,"deaths":82246,"recovered":0,"date":"2020-05-12"},{"confirmed":1387685,"deaths":83988,"recovered":0,"date":"2020-05-13"},{"confirmed":1414955,"deaths":85765,"recovered":0,"date":"2020-05-14"},{"confirmed":1439888,"deaths":87392,"recovered":0,"date":"2020-05-15"},{"confirmed":1464835,"deaths":88616,"recovered":0,"date":"2020-05-16"},{"confirmed":1483715,"deaths":89423,"recovered":0,"date":"2020-05-17"},{"confirmed":1505202,"deaths":90207,"recovered":0,"date":"2020-05-18"},{"confirmed":1525367,"deaths":91781,"recovered":0,"date":"2020-05-19"},{"confirmed":1548591,"deaths":93298,"recovered":0,"date":"2020-05-20"},{"confirmed":1573826,"deaths":94560,"recovered":0,"date":"2020-05-21"},{"confirmed":1597499,"deaths":95837,"recovered":0,"date":"2020-05-22"},{"confirmed":1619104,"deaths":96944,"recovered":0,"date":"2020-05-23"},{"confirmed":1639648,"deaths":97577,"recovered":0,"date":"2020-05-24"},{"confirmed":1658633,"deaths":98075,"recovered":0,"date":"2020-05-25"},{"confirmed":1677179,"deaths":98768,"recovered":0,"date":"2020-05-26"},{"confirmed":1695366,"deaths":100273,"recovered":0,"date":"2020-05-27"},{"confirmed":1717853,"deaths":101469,"recovered":0,"date":"2020-05-28"},{"confirmed":1741957,"deaths":102661,"recovered":0,"date":"2020-05-29"},{"confirmed":1766032,"deaths":103627,"recovered":0,"date":"2020-05-30"},{"confirmed":1785981,"deaths":104229,"recovered":0,"date":"2020-05-31"},{"confirmed":1806728,"deaths":104997,"recovered":0,"date":"2020-06-01"},{"confirmed":1827466,"deaths":106026,"recovered":0,"date":"2020-06-02"},{"confirmed":1847074,"deaths":107005,"recovered":0,"date":"2020-06-03"},{"confirmed":1867724,"deaths":108041,"recovered":0,"date":"2020-06-04"},{"confirmed":1897584,"deaths":109202,"recovered":0,"date":"2020-06-05"},{"confirmed":1920422,"deaths":109911,"recovered":0,"date":"2020-06-06"},{"confirmed":1938466,"deaths":110353,"recovered":0,"date":"2020-06-07"},{"confirmed":1955952,"deaths":110853,"recovered":0,"date":"2020-06-08"},{"confirmed":1973871,"deaths":111831,"recovered":5,"date":"2020-06-09"},{"confirmed":1994701,"deaths":112765,"recovered":0,"date":"2020-06-10"},{"confirmed":2017558,"deaths":113660,"recovered":0,"date":"2020-06-11"},{"confirmed":2043013,"deaths":114507,"recovered":0,"date":"2020-06-12"},{"confirmed":2068399,"deaths":115274,"recovered":0,"date":"2020-06-13"},{"confirmed":2087810,"deaths":115569,"recovered":0,"date":"2020-06-14"},{"confirmed":2107697,"deaths":115964,"recovered":0,"date":"2020-06-15"},{"confirmed":2131340,"deaths":116800,"recovered":0,"date":"2020-06-16"},{"confirmed":2156844,"deaths":117554,"recovered":0,"date":"2020-06-17"},{"confirmed":2184495,"deaths":118275,"recovered":0,"date":"2020-06-18"},{"confirmed":2216162,"deaths":118962,"recovered":0,"date":"2020-06-19"},{"confirmed":2248179,"deaths":119556,"recovered":0,"date":"2020-06-20"},{"confirmed":2274285,"deaths":119812,"recovered":0,"date":"2020-06-21"},{"confirmed":2305256,"deaths":120237,"recovered":0,"date":"2020-06-22"},{"confirmed":2339854,"deaths":121063,"recovered":0,"date":"2020-06-23"},{"confirmed":2374189,"deaths":121815,"recovered":0,"date":"2020-06-24"},{"confirmed":2414929,"deaths":124243,"recovered":0,"date":"2020-06-25"},{"confirmed":2460122,"deaths":124872,"recovered":0,"date":"2020-06-26"},{"confirmed":2502575,"deaths":125371,"recovered":0,"date":"2020-06-27"},{"confirmed":2541297,"deaths":125634,"recovered":0,"date":"2020-06-28"},{"confirmed":2582885,"deaths":125971,"recovered":0,"date":"2020-06-29"},{"confirmed":2627432,"deaths":127248,"recovered":0,"date":"2020-06-30"},{"confirmed":2678182,"deaths":127893,"recovered":0,"date":"2020-07-01"},{"confirmed":2731716,"deaths":128571,"recovered":0,"date":"2020-07-02"},{"confirmed":2785909,"deaths":129264,"recovered":0,"date":"2020-07-03"},{"confirmed":2831075,"deaths":129505,"recovered":0,"date":"2020-07-04"},{"confirmed":2880145,"deaths":129776,"recovered":0,"date":"2020-07-05"},{"confirmed":2926896,"deaths":130114,"recovered":0,"date":"2020-07-06"},{"confirmed":2986782,"deaths":131307,"recovered":0,"date":"2020-07-07"},{"confirmed":3045342,"deaths":132125,"recovered":0,"date":"2020-07-08"},{"confirmed":3108448,"deaths":133115,"recovered":0,"date":"2020-07-09"},{"confirmed":3174790,"deaths":133917,"recovered":0,"date":"2020-07-10"},{"confirmed":3235897,"deaths":134594,"recovered":0,"date":"2020-07-11"},{"confirmed":3294612,"deaths":135022,"recovered":0,"date":"2020-07-12"},{"confirmed":3353444,"deaths":135383,"recovered":0,"date":"2020-07-13"},{"confirmed":3420745,"deaths":136281,"recovered":0,"date":"2020-07-14"},{"confirmed":3486724,"deaths":137220,"recovered":0,"date":"2020-07-15"},{"confirmed":3564831,"deaths":138170,"recovered":0,"date":"2020-07-16"},{"confirmed":3635829,"deaths":139073,"recovered":0,"date":"2020-07-17"},{"confirmed":3699174,"deaths":139925,"recovered":0,"date":"2020-07-18"},{"confirmed":3760411,"deaths":140340,"recovered":0,"date":"2020-07-19"},{"confirmed":3821403,"deaths":140717,"recovered":0,"date":"2020-07-20"},{"confirmed":3885458,"deaths":141799,"recovered":0,"date":"2020-07-21"},{"confirmed":3956207,"deaths":142988,"recovered":0,"date":"2020-07-22"},{"confirmed":4024412,"deaths":144099,"recovered":0,"date":"2020-07-23"},{"confirmed":4097685,"deaths":145338,"recovered":0,"date":"2020-07-24"},{"confirmed":4162600,"deaths":146242,"recovered":0,"date":"2020-07-25"},{"confirmed":4217899,"deaths":146717,"recovered":0,"date":"2020-07-26"},{"confirmed":4274001,"deaths":147794,"recovered":0,"date":"2020-07-27"},{"confirmed":4339448,"deaths":149084,"recovered":0,"date":"2020-07-28"},{"confirmed":4409988,"deaths":150484,"recovered":0,"date":"2020-07-29"},{"confirmed":4477508,"deaths":151823,"recovered":0,"date":"2020-07-30"},{"confirmed":4544301,"deaths":153077,"recovered":0,"date":"2020-07-31"},{"confirmed":4601599,"deaths":154204,"recovered":0,"date":"2020-08-01"},{"confirmed":4648558,"deaths":154612,"recovered":0,"date":"2020-08-02"},{"confirmed":4693737,"deaths":155154,"recovered":0,"date":"2020-08-03"},{"confirmed":4750706,"deaths":156546,"recovered":0,"date":"2020-08-04"},{"confirmed":4803163,"deaths":157986,"recovered":0,"date":"2020-08-05"},{"confirmed":4862537,"deaths":159827,"recovered":0,"date":"2020-08-06"},{"confirmed":4919937,"deaths":161063,"recovered":0,"date":"2020-08-07"},{"confirmed":4975366,"deaths":162130,"recovered":0,"date":"2020-08-08"},{"confirmed":5021597,"deaths":162640,"recovered":0,"date":"2020-08-09"},{"confirmed":5070413,"deaths":163165,"recovered":0,"date":"2020-08-10"},{"confirmed":5116579,"deaths":164221,"recovered":0,"date":"2020-08-11"},{"confirmed":5172048,"deaths":165720,"recovered":0,"date":"2020-08-12"},{"confirmed":5223152,"deaths":166785,"recovered":0,"date":"2020-08-13"},{"confirmed":5286716,"deaths":168116,"recovered":0,"date":"2020-08-14"},{"confirmed":5334032,"deaths":169133,"recovered":0,"date":"2020-08-15"},{"confirmed":5375762,"deaths":169698,"recovered":0,"date":"2020-08-16"},{"confirmed":5410022,"deaths":170143,"recovered":0,"date":"2020-08-17"},{"confirmed":5454074,"deaths":171456,"recovered":0,"date":"2020-08-18"},{"confirmed":5500257,"deaths":172802,"recovered":0,"date":"2020-08-19"},{"confirmed":5543925,"deaths":173867,"recovered":0,"date":"2020-08-20"},{"confirmed":5591789,"deaths":174975,"recovered":0,"date":"2020-08-21"},{"confirmed":5635634,"deaths":175951,"recovered":0,"date":"2020-08-22"},{"confirmed":5669878,"deaths":176391,"recovered":0,"date":"2020-08-23"},{"confirmed":5707009,"deaths":176839,"recovered":0,"date":"2020-08-24"},{"confirmed":5744802,"deaths":178067,"recovered":0,"date":"2020-08-25"},{"confirmed":5788719,"deaths":179276,"recovered":0,"date":"2020-08-26"},{"confirmed":5833912,"deaths":180384,"recovered":0,"date":"2020-08-27"},{"confirmed":5879399,"deaths":181347,"recovered":0,"date":"2020-08-28"},{"confirmed":5925946,"deaths":182304,"recovered":0,"date":"2020-08-29"},{"confirmed":5960977,"deaths":182603,"recovered":0,"date":"2020-08-30"},{"confirmed":5994670,"deaths":183134,"recovered":0,"date":"2020-08-31"},{"confirmed":6037642,"deaths":184196,"recovered":0,"date":"2020-09-01"},{"confirmed":6076660,"deaths":185244,"recovered":0,"date":"2020-09-02"},{"confirmed":6112899,"deaths":186308,"recovered":0,"date":"2020-09-03"},{"confirmed":6163299,"deaths":187265,"recovered":0,"date":"2020-09-04"},{"confirmed":6207528,"deaths":188039,"recovered":0,"date":"2020-09-05"},{"confirmed":6238871,"deaths":188428,"recovered":0,"date":"2020-09-06"},{"confirmed":6262282,"deaths":188695,"recovered":0,"date":"2020-09-07"},{"confirmed":6288447,"deaths":189129,"recovered":0,"date":"2020-09-08"},{"confirmed":6322652,"deaths":190316,"recovered":0,"date":"2020-09-09"},{"confirmed":6357079,"deaths":191210,"recovered":0,"date":"2020-09-10"},{"confirmed":6403956,"deaths":192410,"recovered":0,"date":"2020-09-11"},{"confirmed":6444836,"deaths":193111,"recovered":0,"date":"2020-09-12"},{"confirmed":6478970,"deaths":193485,"recovered":0,"date":"2020-09-13"},{"confirmed":6512619,"deaths":193901,"recovered":0,"date":"2020-09-14"},{"confirmed":6551087,"deaths":195180,"recovered":0,"date":"2020-09-15"},{"confirmed":6588952,"deaths":196144,"recovered":0,"date":"2020-09-16"},{"confirmed":6633067,"deaths":196994,"recovered":0,"date":"2020-09-17"},{"confirmed":6680801,"deaths":197918,"recovered":0,"date":"2020-09-18"},{"confirmed":6723684,"deaths":198624,"recovered":0,"date":"2020-09-19"},{"confirmed":6759529,"deaths":198848,"recovered":0,"date":"2020-09-20"},{"confirmed":6810887,"deaths":199199,"recovered":0,"date":"2020-09-21"},{"confirmed":6850059,"deaths":200114,"recovered":0,"date":"2020-09-22"},{"confirmed":6887273,"deaths":201208,"recovered":0,"date":"2020-09-23"},{"confirmed":6930177,"deaths":202111,"recovered":0,"date":"2020-09-24"},{"confirmed":6984143,"deaths":203054,"recovered":0,"date":"2020-09-25"},{"confirmed":7028992,"deaths":203787,"recovered":0,"date":"2020-09-26"},{"confirmed":7065022,"deaths":204051,"recovered":0,"date":"2020-09-27"},{"confirmed":7096946,"deaths":204362,"recovered":0,"date":"2020-09-28"},{"confirmed":7137951,"deaths":205262,"recovered":0,"date":"2020-09-29"},{"confirmed":7180438,"deaths":206200,"recovered":0,"date":"2020-09-30"},{"confirmed":7224870,"deaths":207054,"recovered":0,"date":"2020-10-01"},{"confirmed":7278708,"deaths":207953,"recovered":0,"date":"2020-10-02"},{"confirmed":7328017,"deaths":208632,"recovered":0,"date":"2020-10-03"},{"confirmed":7363229,"deaths":208964,"recovered":0,"date":"2020-10-04"},{"confirmed":7402030,"deaths":209410,"recovered":0,"date":"2020-10-05"},{"confirmed":7443475,"deaths":210113,"recovered":0,"date":"2020-10-06"},{"confirmed":7493737,"deaths":211017,"recovered":0,"date":"2020-10-07"},{"confirmed":7549359,"deaths":211968,"recovered":0,"date":"2020-10-08"},{"confirmed":7606138,"deaths":212952,"recovered":0,"date":"2020-10-09"},{"confirmed":7660321,"deaths":213562,"recovered":0,"date":"2020-10-10"},{"confirmed":7704639,"deaths":213958,"recovered":0,"date":"2020-10-11"},{"confirmed":7745563,"deaths":214268,"recovered":0,"date":"2020-10-12"},{"confirmed":7797600,"deaths":215066,"recovered":0,"date":"2020-10-13"},{"confirmed":7856059,"deaths":216047,"recovered":0,"date":"2020-10-14"},{"confirmed":7919039,"deaths":216865,"recovered":0,"date":"2020-10-15"},{"confirmed":7987768,"deaths":217731,"recovered":0,"date":"2020-10-16"},{"confirmed":8045066,"deaths":218439,"recovered":0,"date":"2020-10-17"},{"confirmed":8092652,"deaths":218822,"recovered":0,"date":"2020-10-18"},{"confirmed":8150170,"deaths":219262,"recovered":0,"date":"2020-10-19"},{"confirmed":8209674,"deaths":220194,"recovered":0,"date":"2020-10-20"},{"confirmed":8272168,"deaths":221312,"recovered":0,"date":"2020-10-21"},{"confirmed":8343564,"deaths":222158,"recovered":0,"date":"2020-10-22"},{"confirmed":8425302,"deaths":223093,"recovered":0,"date":"2020-10-23"},{"confirmed":8508751,"deaths":224004,"recovered":0,"date":"2020-10-24"},{"confirmed":8568333,"deaths":224337,"recovered":0,"date":"2020-10-25"},{"confirmed":8634299,"deaths":224805,"recovered":0,"date":"2020-10-26"},{"confirmed":8708545,"deaths":225787,"recovered":0,"date":"2020-10-27"},{"confirmed":8786763,"deaths":226770,"recovered":0,"date":"2020-10-28"},{"confirmed":8873990,"deaths":227738,"recovered":0,"date":"2020-10-29"},{"confirmed":8972278,"deaths":228761,"recovered":0,"date":"2020-10-30"},{"confirmed":9061005,"deaths":229667,"recovered":0,"date":"2020-10-31"},{"confirmed":9134062,"deaths":230058,"recovered":0,"date":"2020-11-01"},{"confirmed":9216640,"deaths":230608,"recovered":0,"date":"2020-11-02"},{"confirmed":9218086,"deaths":230619,"recovered":3641614,"date":"2020-11-03"}]