[{"confirmed":0,"deaths":0,"recovered":0,"id":"TV"},{"confirmed":0,"deaths":0,"recovered":0,"id":"BV"},{"confirmed":0,"deaths":0,"recovered":0,"id":"GI"},{"confirmed":0,"deaths":0,"recovered":0,"id":"BQ"},{"confirmed":374663,"deaths":7527,"recovered":5934,"id":"NL"},{"confirmed":8389,"deaths":245,"recovered":7939,"id":"ZW"},{"confirmed":16543,"deaths":349,"recovered":15733,"id":"ZM"},{"confirmed":727595,"deaths":19465,"recovered":657500,"id":"ZA"},{"confirmed":2063,"deaths":601,"recovered":1375,"id":"YE"},{"confirmed":0,"deaths":0,"recovered":0,"id":"WS"},{"confirmed":0,"deaths":0,"recovered":0,"id":"WF"},{"confirmed":54775,"deaths":493,"recovered":47169,"id":"PS"},{"confirmed":0,"deaths":0,"recovered":0,"id":"VU"},{"confirmed":1202,"deaths":35,"recovered":1065,"id":"VN"},{"confirmed":0,"deaths":0,"recovered":0,"id":"VI"},{"confirmed":0,"deaths":0,"recovered":0,"id":"VG"},{"confirmed":92705,"deaths":806,"recovered":87547,"id":"VE"},{"confirmed":75,"deaths":0,"recovered":71,"id":"VC"},{"confirmed":27,"deaths":0,"recovered":15,"id":"VA"},{"confirmed":67501,"deaths":571,"recovered":64671,"id":"UZ"},{"confirmed":9293281,"deaths":231566,"recovered":3674981,"id":"US"},{"confirmed":3165,"deaths":60,"recovered":2658,"id":"UY"},{"confirmed":423683,"deaths":7749,"recovered":176220,"id":"UA"},{"confirmed":12971,"deaths":114,"recovered":7556,"id":"UG"},{"confirmed":509,"deaths":21,"recovered":183,"id":"TZ"},{"confirmed":567,"deaths":7,"recovered":521,"id":"TW"},{"confirmed":379775,"deaths":10402,"recovered":327007,"id":"TR"},{"confirmed":61906,"deaths":1381,"recovered":5032,"id":"TN"},{"confirmed":5704,"deaths":109,"recovered":4887,"id":"TT"},{"confirmed":0,"deaths":0,"recovered":0,"id":"TO"},{"confirmed":30,"deaths":0,"recovered":29,"id":"TL"},{"confirmed":0,"deaths":0,"recovered":0,"id":"TM"},{"confirmed":0,"deaths":0,"recovered":0,"id":"TK"},{"confirmed":11096,"deaths":82,"recovered":10337,"id":"TJ"},{"confirmed":3797,"deaths":59,"recovered":3605,"id":"TH"},{"confirmed":2364,"deaths":57,"recovered":1681,"id":"TG"},{"confirmed":1499,"deaths":98,"recovered":1329,"id":"TD"},{"confirmed":0,"deaths":0,"recovered":0,"id":"TC"},{"confirmed":5843,"deaths":295,"recovered":2061,"id":"SY"},{"confirmed":153,"deaths":0,"recovered":149,"id":"SC"},{"confirmed":0,"deaths":0,"recovered":0,"id":"SX"},{"confirmed":5929,"deaths":117,"recovered":5657,"id":"SZ"},{"confirmed":124355,"deaths":5938,"recovered":0,"id":"SE"},{"confirmed":36206,"deaths":388,"recovered":13297,"id":"SI"},{"confirmed":63556,"deaths":235,"recovered":14257,"id":"SK"},{"confirmed":5212,"deaths":111,"recovered":5082,"id":"SR"},{"confirmed":949,"deaths":16,"recovered":904,"id":"ST"},{"confirmed":49205,"deaths":833,"recovered":0,"id":"RS"},{"confirmed":0,"deaths":0,"recovered":0,"id":"PM"},{"confirmed":3941,"deaths":104,"recovered":3185,"id":"SO"},{"confirmed":928,"deaths":42,"recovered":721,"id":"SM"},{"confirmed":34015,"deaths":987,"recovered":29788,"id":"SV"},{"confirmed":2366,"deaths":74,"recovered":1802,"id":"SL"},{"confirmed":13,"deaths":0,"recovered":4,"id":"SB"},{"confirmed":0,"deaths":0,"recovered":0,"id":"SH"},{"confirmed":0,"deaths":0,"recovered":0,"id":"GS"},{"confirmed":58029,"deaths":28,"recovered":57924,"id":"SG"},{"confirmed":15640,"deaths":326,"recovered":15149,"id":"SN"},{"confirmed":2926,"deaths":59,"recovered":1290,"id":"SS"},{"confirmed":13866,"deaths":837,"recovered":6764,"id":"SD"},{"confirmed":348037,"deaths":5437,"recovered":334672,"id":"SA"},{"confirmed":10,"deaths":1,"recovered":8,"id":"EH"},{"confirmed":5155,"deaths":35,"recovered":4922,"id":"RW"},{"confirmed":1661096,"deaths":28611,"recovered":1244012,"id":"RU"},{"confirmed":250704,"deaths":7153,"recovered":177361,"id":"RO"},{"confirmed":0,"deaths":0,"recovered":0,"id":"RE"},{"confirmed":133143,"deaths":232,"recovered":130202,"id":"QA"},{"confirmed":0,"deaths":0,"recovered":0,"id":"PF"},{"confirmed":64156,"deaths":1429,"recovered":44006,"id":"PY"},{"confirmed":146847,"deaths":2590,"recovered":83294,"id":"PT"},{"confirmed":0,"deaths":0,"recovered":0,"id":"KP"},{"confirmed":0,"deaths":0,"recovered":0,"id":"PR"},{"confirmed":414844,"deaths":6102,"recovered":159986,"id":"PL"},{"confirmed":590,"deaths":7,"recovered":575,"id":"PG"},{"confirmed":0,"deaths":0,"recovered":0,"id":"PW"},{"confirmed":387161,"deaths":7318,"recovered":348967,"id":"PH"},{"confirmed":902503,"deaths":34476,"recovered":830612,"id":"PE"},{"confirmed":0,"deaths":0,"recovered":0,"id":"PN"},{"confirmed":134915,"deaths":2720,"recovered":112565,"id":"PA"},{"confirmed":336260,"deaths":6849,"recovered":315446,"id":"PK"},{"confirmed":116528,"deaths":1264,"recovered":106540,"id":"OM"},{"confirmed":1968,"deaths":25,"recovered":1868,"id":"NZ"},{"confirmed":0,"deaths":0,"recovered":0,"id":"SJ"},{"confirmed":0,"deaths":0,"recovered":0,"id":"NR"},{"confirmed":176500,"deaths":984,"recovered":137992,"id":"NP"},{"confirmed":21339,"deaths":282,"recovered":11863,"id":"NO"},{"confirmed":0,"deaths":0,"recovered":0,"id":"NU"},{"confirmed":5514,"deaths":156,"recovered":4225,"id":"NI"},{"confirmed":63036,"deaths":1147,"recovered":59328,"id":"NG"},{"confirmed":0,"deaths":0,"recovered":0,"id":"NF"},{"confirmed":1222,"deaths":69,"recovered":1141,"id":"NE"},{"confirmed":0,"deaths":0,"recovered":0,"id":"NC"},{"confirmed":13012,"deaths":133,"recovered":11201,"id":"NA"},{"confirmed":0,"deaths":0,"recovered":0,"id":"YT"},{"confirmed":34393,"deaths":263,"recovered":23995,"id":"MY"},{"confirmed":5933,"deaths":184,"recovered":5323,"id":"MW"},{"confirmed":451,"deaths":10,"recovered":413,"id":"MU"},{"confirmed":0,"deaths":0,"recovered":0,"id":"MQ"},{"confirmed":0,"deaths":0,"recovered":0,"id":"MS"},{"confirmed":7704,"deaths":163,"recovered":7437,"id":"MR"},{"confirmed":13130,"deaths":94,"recovered":10439,"id":"MZ"},{"confirmed":0,"deaths":0,"recovered":0,"id":"MP"},{"confirmed":350,"deaths":0,"recovered":313,"id":"MN"},{"confirmed":19210,"deaths":320,"recovered":14456,"id":"ME"},{"confirmed":54607,"deaths":1282,"recovered":37954,"id":"MM"},{"confirmed":6400,"deaths":66,"recovered":4397,"id":"MT"},{"confirmed":3573,"deaths":136,"recovered":2769,"id":"ML"},{"confirmed":32997,"deaths":1025,"recovered":21244,"id":"MK"},{"confirmed":2,"deaths":0,"recovered":0,"id":"MH"},{"confirmed":933155,"deaths":92100,"recovered":795356,"id":"MX"},{"confirmed":11737,"deaths":38,"recovered":10916,"id":"MV"},{"confirmed":17111,"deaths":244,"recovered":16409,"id":"MG"},{"confirmed":76777,"deaths":1818,"recovered":56875,"id":"MD"},{"confirmed":375,"deaths":2,"recovered":281,"id":"MC"},{"confirmed":225070,"deaths":3826,"recovered":187101,"id":"MA"},{"confirmed":0,"deaths":0,"recovered":0,"id":"MF"},{"confirmed":6439,"deaths":79,"recovered":1444,"id":"LV"},{"confirmed":19101,"deaths":160,"recovered":10717,"id":"LU"},{"confirmed":17453,"deaths":175,"recovered":4934,"id":"LT"},{"confirmed":1961,"deaths":44,"recovered":988,"id":"LS"},{"confirmed":11335,"deaths":21,"recovered":5581,"id":"LK"},{"confirmed":598,"deaths":3,"recovered":355,"id":"LI"},{"confirmed":84,"deaths":0,"recovered":28,"id":"LC"},{"confirmed":63688,"deaths":893,"recovered":36995,"id":"LY"},{"confirmed":1436,"deaths":82,"recovered":1283,"id":"LR"},{"confirmed":83697,"deaths":652,"recovered":43885,"id":"LB"},{"confirmed":24,"deaths":0,"recovered":23,"id":"LA"},{"confirmed":127293,"deaths":786,"recovered":118386,"id":"KW"},{"confirmed":20179,"deaths":688,"recovered":15611,"id":"XK"},{"confirmed":26807,"deaths":472,"recovered":24510,"id":"KR"},{"confirmed":19,"deaths":0,"recovered":19,"id":"KN"},{"confirmed":0,"deaths":0,"recovered":0,"id":"KI"},{"confirmed":292,"deaths":0,"recovered":283,"id":"KH"},{"confirmed":59879,"deaths":1155,"recovered":50741,"id":"KG"},{"confirmed":56601,"deaths":1027,"recovered":37442,"id":"KE"},{"confirmed":113309,"deaths":1857,"recovered":106716,"id":"KZ"},{"confirmed":103210,"deaths":1793,"recovered":92673,"id":"JP"},{"confirmed":81743,"deaths":913,"recovered":7858,"id":"JO"},{"confirmed":0,"deaths":0,"recovered":0,"id":"JE"},{"confirmed":9257,"deaths":210,"recovered":4637,"id":"JM"},{"confirmed":731588,"deaths":39059,"recovered":296017,"id":"IT"},{"confirmed":315983,"deaths":2580,"recovered":303634,"id":"IL"},{"confirmed":4931,"deaths":12,"recovered":4931,"id":"IS"},{"confirmed":478701,"deaths":11017,"recovered":405777,"id":"IQ"},{"confirmed":637712,"deaths":36160,"recovered":495473,"id":"IR"},{"confirmed":62750,"deaths":1917,"recovered":23364,"id":"IE"},{"confirmed":0,"deaths":0,"recovered":0,"id":"IO"},{"confirmed":8267623,"deaths":123097,"recovered":7603121,"id":"IN"},{"confirmed":0,"deaths":0,"recovered":0,"id":"IM"},{"confirmed":418375,"deaths":14146,"recovered":349497,"id":"ID"},{"confirmed":86769,"deaths":1973,"recovered":20856,"id":"HU"},{"confirmed":9057,"deaths":232,"recovered":7429,"id":"HT"},{"confirmed":54087,"deaths":628,"recovered":39380,"id":"HR"},{"confirmed":98405,"deaths":2688,"recovered":41116,"id":"HN"},{"confirmed":0,"deaths":0,"recovered":0,"id":"HM"},{"confirmed":4238,"deaths":128,"recovered":3264,"id":"GY"},{"confirmed":0,"deaths":0,"recovered":0,"id":"GU"},{"confirmed":0,"deaths":0,"recovered":0,"id":"GF"},{"confirmed":108104,"deaths":3738,"recovered":97756,"id":"GT"},{"confirmed":0,"deaths":0,"recovered":0,"id":"GL"},{"confirmed":29,"deaths":0,"recovered":27,"id":"GD"},{"confirmed":42080,"deaths":642,"recovered":23074,"id":"GR"},{"confirmed":5089,"deaths":83,"recovered":4965,"id":"GQ"},{"confirmed":2413,"deaths":41,"recovered":1818,"id":"GW"},{"confirmed":3672,"deaths":119,"recovered":3196,"id":"GM"},{"confirmed":0,"deaths":0,"recovered":0,"id":"GP"},{"confirmed":12213,"deaths":73,"recovered":10600,"id":"GN"},{"confirmed":48200,"deaths":320,"recovered":47260,"id":"GH"},{"confirmed":0,"deaths":0,"recovered":0,"id":"GG"},{"confirmed":44522,"deaths":362,"recovered":28633,"id":"GE"},{"confirmed":8984,"deaths":55,"recovered":8779,"id":"GA"},{"confirmed":1460745,"deaths":37485,"recovered":123664,"id":"FR"},{"confirmed":0,"deaths":0,"recovered":0,"id":"FM"},{"confirmed":0,"deaths":0,"recovered":0,"id":"FO"},{"confirmed":0,"deaths":0,"recovered":0,"id":"FK"},{"confirmed":34,"deaths":2,"recovered":31,"id":"FJ"},{"confirmed":16637,"deaths":359,"recovered":11300,"id":"FI"},{"confirmed":96942,"deaths":1489,"recovered":54405,"id":"ET"},{"confirmed":5125,"deaths":73,"recovered":3904,"id":"EE"},{"confirmed":1240697,"deaths":36257,"recovered":150376,"id":"ES"},{"confirmed":480,"deaths":0,"recovered":426,"id":"ER"},{"confirmed":1057021,"deaths":46943,"recovered":2850,"id":"GB"},{"confirmed":107925,"deaths":6291,"recovered":99652,"id":"EG"},{"confirmed":169562,"deaths":12692,"recovered":149048,"id":"EC"},{"confirmed":58574,"deaths":1980,"recovered":40577,"id":"DZ"},{"confirmed":127591,"deaths":2250,"recovered":105634,"id":"DO"},{"confirmed":48753,"deaths":724,"recovered":35917,"id":"DK"},{"confirmed":50,"deaths":0,"recovered":33,"id":"DM"},{"confirmed":5573,"deaths":61,"recovered":5460,"id":"DJ"},{"confirmed":569598,"deaths":10681,"recovered":372038,"id":"DE"},{"confirmed":350896,"deaths":3654,"recovered":170608,"id":"CZ"},{"confirmed":4760,"deaths":27,"recovered":1882,"id":"CY"},{"confirmed":0,"deaths":0,"recovered":0,"id":"KY"},{"confirmed":0,"deaths":0,"recovered":0,"id":"CX"},{"confirmed":0,"deaths":0,"recovered":0,"id":"CW"},{"confirmed":6970,"deaths":129,"recovered":6318,"id":"CU"},{"confirmed":111257,"deaths":1404,"recovered":68129,"id":"CR"},{"confirmed":8882,"deaths":95,"recovered":8110,"id":"CV"},{"confirmed":545,"deaths":7,"recovered":498,"id":"KM"},{"confirmed":1004308,"deaths":31653,"recovered":985796,"id":"CO"},{"confirmed":0,"deaths":0,"recovered":0,"id":"CK"},{"confirmed":5290,"deaths":92,"recovered":3887,"id":"CG"},{"confirmed":11395,"deaths":308,"recovered":10768,"id":"CD"},{"confirmed":22103,"deaths":429,"recovered":21151,"id":"CM"},{"confirmed":20753,"deaths":126,"recovered":20410,"id":"CI"},{"confirmed":91461,"deaths":4739,"recovered":86196,"id":"CN"},{"confirmed":513140,"deaths":14302,"recovered":489525,"id":"CL"},{"confirmed":182303,"deaths":2416,"recovered":80400,"id":"CH"},{"confirmed":0,"deaths":0,"recovered":0,"id":"CC"},{"confirmed":243178,"deaths":10262,"recovered":203128,"id":"CA"},{"confirmed":4866,"deaths":62,"recovered":1924,"id":"CF"},{"confirmed":447355,"deaths":11858,"recovered":25999,"id":"BE"},{"confirmed":6642,"deaths":24,"recovered":4676,"id":"BW"},{"confirmed":356,"deaths":0,"recovered":326,"id":"BT"},{"confirmed":148,"deaths":3,"recovered":143,"id":"BN"},{"confirmed":238,"deaths":7,"recovered":222,"id":"BB"},{"confirmed":5554206,"deaths":160253,"recovered":5039438,"id":"BR"},{"confirmed":141867,"deaths":8741,"recovered":112055,"id":"BO"},{"confirmed":0,"deaths":0,"recovered":0,"id":"BM"},{"confirmed":3624,"deaths":59,"recovered":2230,"id":"BZ"},{"confirmed":100400,"deaths":989,"recovered":87400,"id":"BY"},{"confirmed":0,"deaths":0,"recovered":0,"id":"BL"},{"confirmed":6735,"deaths":146,"recovered":4493,"id":"BS"},{"confirmed":82133,"deaths":323,"recovered":79318,"id":"BH"},{"confirmed":52269,"deaths":1280,"recovered":28567,"id":"BA"},{"confirmed":56496,"deaths":1349,"recovered":21037,"id":"BG"},{"confirmed":410988,"deaths":5966,"recovered":327901,"id":"BD"},{"confirmed":2517,"deaths":67,"recovered":2281,"id":"BF"},{"confirmed":2683,"deaths":41,"recovered":2455,"id":"BJ"},{"confirmed":589,"deaths":1,"recovered":511,"id":"BI"},{"confirmed":57040,"deaths":753,"recovered":44479,"id":"AZ"},{"confirmed":114016,"deaths":1159,"recovered":71691,"id":"AT"},{"confirmed":27610,"deaths":907,"recovered":25384,"id":"AU"},{"confirmed":0,"deaths":0,"recovered":0,"id":"TF"},{"confirmed":0,"deaths":0,"recovered":0,"id":"AQ"},{"confirmed":0,"deaths":0,"recovered":0,"id":"AS"},{"confirmed":94776,"deaths":1413,"recovered":57599,"id":"AM"},{"confirmed":1183131,"deaths":31623,"recovered":998016,"id":"AR"},{"confirmed":136149,"deaths":503,"recovered":133490,"id":"AE"},{"confirmed":4888,"deaths":75,"recovered":3548,"id":"AD"},{"confirmed":0,"deaths":0,"recovered":0,"id":"AX"},{"confirmed":21523,"deaths":527,"recovered":11367,"id":"AL"},{"confirmed":0,"deaths":0,"recovered":0,"id":"AI"},{"confirmed":11228,"deaths":289,"recovered":5172,"id":"AO"},{"confirmed":41728,"deaths":1544,"recovered":34355,"id":"AF"},{"confirmed":128,"deaths":3,"recovered":117,"id":"AG"},{"confirmed":0,"deaths":0,"recovered":0,"id":"AW"},{"confirmed":721,"deaths":15,"recovered":659,"id":"XX"}]